sample_no,accel_x,accel_y,accel_z,gyro_x,gyro_y,gyro_z
0,-0.06665039,-0.99835205,0.040222168,0.5625,1.484375,0.1875
1,-0.06689453,-1.0073853,0.038513184,0.671875,1.109375,0.296875
2,-0.08227539,-1.0012817,0.01751709,-0.171875,4.0,0.046875
3,-0.064208984,-1.0203247,0.0446167,2.578125,1.703125,0.21875
4,-0.06616211,-1.0159302,0.034362793,2.8125,3.359375,0.265625
5,-0.06958008,-0.9780884,0.0065307617,-4.453125,2.765625,-1.40625
6,-0.07348633,-1.0147095,0.054382324,4.875,-0.109375,1.046875
7,-0.07348633,-1.0081177,0.01776123,-0.140625,3.078125,0.625